Year,hardware_costs,software_costs,labor_costs_project,efficiency_improvements
2022,137454.01188473625,79932.92420985183,84065.85285177396,21204943.51134859
2023,195071.4306409916,57800.93202212183,140632.33020424546,12267598.425845431
2024,173199.3941811405,57799.726016810135,122078.05082202463,24608828.078105927
